Gross,Id,Net,Tax
652,1,470,182
418,2,284.24,133.76
2202,3,1448,754
1104,4,938.4,165.6
1797.4499999999998,5,1200.4499999999998,597
