Gross,Id,Net,Tax
652,1,469.5472,182.4528
418,2,284.24,133.76
2202,3,1447.0857,754.9142999999999
1104,4,938.4,165.6
1797.4499999999998,5,1200.3102,597.1397999999999
